Cultivar	Codons	variance_of_RSCU_within_groups
within_groups	GCA	0.076146714666667
within_groups	GCC	0.094862213666667
within_groups	GCG	0.034570525666667
within_groups	GCU	0.080185865666667
within_groups	UGC	0.067962857666667
within_groups	UGU	0.067962857666667
within_groups	GAC	0.062018409666667
within_groups	GAU	0.062018409666667
within_groups	GAA	0.049278561666667
within_groups	GAG	0.049278561666667
within_groups	UUC	0.10856770666667
within_groups	UUU	0.10856770666667
within_groups	GGA	0.028211621666667
within_groups	GGC	0.050039365666667
within_groups	GGG	0.023075331
within_groups	GGU	0.063457404
within_groups	CAC	0.082847151
within_groups	CAU	0.082847151
within_groups	AUA	0.036404110666667
within_groups	AUC	0.193573808
within_groups	AUU	0.070089931
within_groups	AAA	0.014046108
within_groups	AAG	0.014046108
within_groups	CUA	0.027702798666667
within_groups	CUC	0.061843261666667
within_groups	CUG	0.395447456
within_groups	CUU	0.169539207
within_groups	UUA	0.045154815
within_groups	UUG	0.055661822666667
within_groups	AAC	0.098978212
within_groups	AAU	0.098978212
within_groups	CCA	0.043502182666667
within_groups	CCC	0.074971984
within_groups	CCG	0.012387748
within_groups	CCU	0.061422946666667
within_groups	CAA	0.034362354666667
within_groups	CAG	0.034362354666667
within_groups	AGA	0.298428731
within_groups	AGG	0.038926369666667
within_groups	CGA	0.10327867766667
within_groups	CGC	0.058380184
within_groups	CGG	0.10291045066667
within_groups	CGU	0.103584788
within_groups	AGC	0.199420787
within_groups	AGU	0.13906675366667
within_groups	UCA	0.16241415466667
within_groups	UCC	0.0958055
within_groups	UCG	0.016846670666667
within_groups	UCU	0.071555985666667
within_groups	ACA	0.088092093666667
within_groups	ACC	0.10683414
within_groups	ACG	0.01925374
within_groups	ACU	0.191648068
within_groups	GUA	0.164296127
within_groups	GUC	0.14155136
within_groups	GUG	0.16570885366667
within_groups	GUU	0.12624875466667
within_groups	UAC	0.091433128
within_groups	UAU	0.091433128
within_species	GCA	0.0016650357142857
within_species	GCC	0.00047604571428571
within_species	GCG	0.0010604680952381
within_species	GCU	0.00088346904761905
within_species	UGC	0.00046882952380952
within_species	UGU	0.00046882952380952
within_species	GAC	0.00040079
within_species	GAU	0.00040079
within_species	GAA	0.00026005142857143
within_species	GAG	0.00026005142857143
within_species	UUC	0.00037021904761905
within_species	UUU	0.00037021904761905
within_species	GGA	0.00011880666666667
within_species	GGC	6.3506666666667e-05
within_species	GGG	0.00022176571428571
within_species	GGU	2.6952380952381e-05
within_species	CAC	0.002361259047619
within_species	CAU	0.002361259047619
within_species	AUA	0.00087995476190476
within_species	AUC	0.00069308952380952
within_species	AUU	0.00033068476190476
within_species	AAA	8.626619047619e-05
within_species	AAG	8.626619047619e-05
within_species	CUA	0.00016084666666667
within_species	CUC	0.0012260057142857
within_species	CUG	0.0010804757142857
within_species	CUU	0.002282109047619
within_species	UUA	0.00080881
within_species	UUG	0.0011926228571429
within_species	AAC	0.00081573142857143
within_species	AAU	0.00081573142857143
within_species	CCA	0.00014840952380952
within_species	CCC	0.00010724952380952
within_species	CCG	0.00019060142857143
within_species	CCU	0.00019633571428571
within_species	CAA	0.00031133904761905
within_species	CAG	0.00031133904761905
within_species	AGA	0.0014981657142857
within_species	AGG	0.0018921395238095
within_species	CGA	0.00033323
within_species	CGC	0.00061623952380952
within_species	CGG	0.0014624280952381
within_species	CGU	0.0016644723809524
within_species	AGC	0.0013888947619048
within_species	AGU	0.002577509047619
within_species	UCA	0.00093372238095238
within_species	UCC	0.0019792323809524
within_species	UCG	0.0030625723809524
within_species	UCU	0.0012407828571429
within_species	ACA	0.0034885533333333
within_species	ACC	0.0025515361904762
within_species	ACG	0.001693449047619
within_species	ACU	0.00034057285714286
within_species	GUA	0.0036249961904762
within_species	GUC	0.0013647814285714
within_species	GUG	0.0015175080952381
within_species	GUU	0.0013530380952381
within_species	UAC	0.0010854433333333
within_species	UAU	0.0010854433333333
